si,di,volume_mm3,eig1,eig2,eig3,linearity,planarity,sphericity,covH,covW,covD,components,dataset,case
0.0031344983004784398,3.062515042570297,124793.49284548257,4496.638692049985,1757.8410861245416,288.30693560239484,0.6090766444650338,0.32680725563302854,0.06411609990193759,0.6015625,0.759765625,0.8294573643410853,1,AIIB,AIIB23_100.nii.gz
0.0014093207184379623,3.1830521481285183,88487.32849904489,3505.788961639563,1725.12638985723,362.76503888454823,0.507920639623888,0.3886033545885609,0.10347600578755112,0.44140625,0.576171875,0.7254437869822485,1,AIIB,AIIB23_101.nii.gz
0.0020224547066382964,2.6937148228255503,66116.85332133848,2164.543417091677,1126.8905564650695,179.33677490741093,0.479386485128036,0.43776150391605934,0.08285201095590466,0.34375,0.671875,0.7824143070044709,1,AIIB,AIIB23_102.nii.gz
0.0015677138565605311,2.7161663370343936,83266.48897270094,2657.8170013691297,1244.3382034843492,134.3365039470031,0.5318194582834901,0.41763661642827454,0.05054392528823539,0.416015625,0.58203125,0.6872852233676976,1,AIIB,AIIB23_103.nii.gz
0.0018169794196930134,2.6026999434070803,49123.8563228228,1746.1493010769339,759.9971766211854,122.75665455381748,0.5647581932699233,0.3649404559360137,0.07030135079406302,0.4375,0.666015625,0.6684420772303595,1,AIIB,AIIB23_104.nii.gz
0.0013614774824262739,3.1176464168910236,85306.47710124367,3464.185895421979,1699.4085543447432,279.4882662900966,0.5094349421055723,0.40988570790358336,0.08067934999084442,0.439453125,0.625,0.7601351351351351,1,AIIB,AIIB23_105.nii.gz
0.0023157851501080973,3.1753170921080702,70769.93103027344,3214.214078762395,1488.1301143990486,190.170410164535,0.5370158682858983,0.4038186855102948,0.059165446203806836,0.44921875,0.697265625,0.7924528301886793,1,AIIB,AIIB23_106.nii.gz
0.001215234741835338,2.934155754669876,59609.74988727792,2287.775758252742,1230.8285787284199,199.45714665028214,0.46199771796321126,0.45081841100800624,0.0871838710287825,0.453125,0.591796875,0.6508951406649617,1,AIIB,AIIB23_107.nii.gz
0.0012840645444905099,2.8869785971736306,73841.93042161956,3131.7775461825704,910.9743946926069,163.02778063023246,0.7091190605785445,0.23882494942020127,0.05205599000125425,0.375,0.537109375,0.7300613496932515,1,AIIB,AIIB23_108.nii.gz
0.0013097142488762523,3.145126631481958,88688.61139846758,4426.033573353428,1177.0142715714744,163.96939018610485,0.7340701890158284,0.22888323475093433,0.037046576233237156,0.408203125,0.498046875,0.8433014354066986,1,AIIB,AIIB23_109.nii.gz
0.001179883845899471,3.434367381514485,67488.57590800189,3981.954161750416,1345.3035471737498,175.11018831960803,0.6621499162154163,0.2938741410171683,0.04397594276741544,0.33984375,0.697265625,0.726984126984127,1,AIIB,AIIB23_110.nii.gz
0.0014648092278527999,3.1449712525937574,83703.85041720643,3751.75693907645,1460.6615754050028,169.0488665174616,0.6106726530731583,0.3442687599067893,0.04505858702005238,0.373046875,0.599609375,0.7398190045248869,1,AIIB,AIIB23_111.nii.gz
0.0013498143946870844,3.1592731870603976,61756.27716535742,3097.0735415061,1067.8144829566454,143.29566053602798,0.6552182346831295,0.2985136807474794,0.046268084569391146,0.373046875,0.595703125,0.7393617021276596,1,AIIB,AIIB23_112.nii.gz
0.0015368098706270742,2.7475232446059943,99035.94164285413,3341.802879332914,1283.7121295258266,143.89888374626406,0.615862402458017,0.34107734266094425,0.04306025488103863,0.419921875,0.48046875,0.815929203539823,1,AIIB,AIIB23_113.nii.gz
0.0010117408556815906,3.257480150563727,55153.928513507955,2993.9549201666573,1428.4109829355816,128.5001364856521,0.5229016397962098,0.43417849670815034,0.0429198634956398,0.357421875,0.6640625,0.7987179487179488,1,AIIB,AIIB23_114.nii.gz
0.00244263084071457,2.534073967211753,98849.93496296903,2666.9599863825642,1152.0525369893253,177.2147739038936,0.5680278133636505,0.36552395538850624,0.06644823124784328,0.42578125,0.615234375,0.664968152866242,1,AIIB,AIIB23_115.nii.gz
0.0019089253743489584,2.9127591329732305,57497.06220320852,1884.5612912512788,1537.114856977216,200.82833600783022,0.18436462421626584,0.7090703428818392,0.10656503290189498,0.427734375,0.6796875,0.7362962962962963,1,AIIB,AIIB23_116.nii.gz
0.0010785322922926683,3.0745875156274356,44830.48963592185,2353.9916944455995,999.3607258492066,92.06079483494753,0.5754612353954923,0.38543038752222186,0.03910837708228585,0.328125,0.56640625,0.7115384615384616,1,AIIB,AIIB23_117.nii.gz
0.0008811053107766544,3.6132351504517892,51843.39139752672,3738.6222699512136,1343.89468313184,140.0960602482281,0.6405374530791054,0.3219899032215739,0.037472643699320886,0.328125,0.53515625,0.7811764705882352,1,AIIB,AIIB23_118.nii.gz
0.001311072558487832,3.3290150340424685,72043.07735526377,3698.2680627444315,1571.5144709431681,215.46994938713928,0.5750674520394367,0.3666701543937645,0.05826239356679898,0.4375,0.59375,0.7277657266811279,1,AIIB,AIIB23_119.nii.gz
0.0013874262675417455,3.1024227797653343,62816.87454291692,3278.401824988482,979.2725114468019,107.35485516208706,0.7012957643011797,0.265958141445269,0.03274609425355119,0.388671875,0.6171875,0.7415599534342259,1,AIIB,AIIB23_120.nii.gz
0.0013383974869285475,2.961260473012482,58326.483219291,2546.744869704241,1106.7126499601368,124.61218740442109,0.5654403143693535,0.38562970097187993,0.04892998465876661,0.384765625,0.625,0.6889952153110048,1,AIIB,AIIB23_121.nii.gz
0.001458892564079685,2.936860226002057,107191.60261821107,3684.682453609496,1746.1088893545812,163.2952770536265,0.526116860451814,0.4295658125845929,0.044317326963593105,0.345703125,0.564453125,0.7326565143824028,1,AIIB,AIIB23_122.nii.gz
0.0013087334944375196,3.0146398696033816,73506.01244786399,2936.9144099707955,1385.0344493309528,243.04883206147127,0.528404898478221,0.388838576089399,0.08275652543237995,0.447265625,0.58203125,0.792713567839196,1,AIIB,AIIB23_123.nii.gz
0.0007112537347099758,3.102586085946924,46214.63616228454,2456.1244415486353,957.8661299772069,192.3786074221046,0.6100091209656896,0.3116647958083293,0.07832608322598103,0.314453125,0.4296875,0.7413554633471646,1,AIIB,AIIB23_124.nii.gz
0.003946070260229684,2.3026827778168606,97770.71415528713,1988.3109411635546,1060.8622611611993,172.12798388269306,0.466450523809729,0.4469795236143604,0.08656995257591059,0.4609375,0.7265625,0.7336814621409922,1,AIIB,AIIB23_136.nii.gz
0.0030515378451311174,2.6805061848311778,122468.67897415161,2799.236159303574,1862.146626169221,375.19433921526286,0.3347661575533137,0.5311992994988673,0.13403454294781902,0.546875,0.77734375,0.7511380880121397,1,AIIB,AIIB23_137.nii.gz
0.002039285463707469,3.0108176941795657,68566.09865723168,2537.563768895592,1599.7737309761721,197.96192722881352,0.369563141393514,0.5524242665071863,0.07801259209929973,0.466796875,0.66015625,0.6261682242990654,1,AIIB,AIIB23_138.nii.gz
0.001842498779296875,3.0547342969506497,63959.765625,2957.0217403002644,1021.3262882866112,148.96323176298066,0.6546098142034956,0.29501408279637753,0.05037610300012691,0.423828125,0.587890625,0.5929203539823009,1,AIIB,AIIB23_139.nii.gz
0.0019241904863709722,3.2420007103234885,46109.33044433594,2091.8086929265964,1265.4875846422142,323.12783624224744,0.395027093576276,0.45049996760532396,0.15447293881840002,0.5,0.6484375,0.623400365630713,1,AIIB,AIIB23_140.nii.gz
0.0019152964390631393,3.210324212864337,58428.04500984857,3136.934910135789,1071.368590310438,120.92942183602266,0.6584664263039931,0.3029833884673347,0.03855018522867214,0.439453125,0.560546875,0.7479541734860884,1,AIIB,AIIB23_141.nii.gz
0.002686268881784999,2.622901012995453,102353.29009819031,2229.6439512613806,1670.9058228617641,264.0807789364788,0.2505952253423783,0.6309639900708809,0.1184407845867408,0.419921875,0.740234375,0.5603576751117735,1,AIIB,AIIB23_142.nii.gz
0.0037229248046875,2.663677495052253,131344.787109375,2801.994674563555,1890.6606122819535,344.35630513496113,0.3252447517315688,0.5518584032954482,0.12289684497298299,0.46484375,0.74609375,0.7328,1,AIIB,AIIB23_143.nii.gz
0.00166164410459267,2.98843681540779,79004.52506023832,2619.773411101602,1752.399945202811,232.8267918462598,0.3310872086201015,0.5800399175429367,0.08887287383696182,0.400390625,0.603515625,0.7186495176848875,1,AIIB,AIIB23_144.nii.gz
0.0011820335910744863,3.3712530457939325,34465.6787109375,2476.335605310741,853.0039816045705,62.711893965326034,0.6555378116862589,0.3191377153986668,0.025324472915074323,0.44140625,0.478515625,0.636986301369863,1,AIIB,AIIB23_145.nii.gz
0.0022101563014341203,2.9540333417107765,71877.14310333456,2606.5069313260765,1519.8889023316308,220.83925241659253,0.41688668306806387,0.49838718412850674,0.08472613280342946,0.4453125,0.689453125,0.8932584269662921,1,AIIB,AIIB23_146.nii.gz
0.0016795307600579294,2.713739534476125,62579.96105957031,2254.2088259846455,1068.5630764759048,120.03760491412646,0.5259697929675379,0.42077977010291384,0.05325043692954829,0.337890625,0.60546875,0.7755102040816326,1,AIIB,AIIB23_147.nii.gz
0.0006793634131791483,3.237415167241013,18950.000282377005,1396.9934616918845,682.5874756500234,51.14350507040638,0.5113882102043994,0.4520020944227482,0.03660969537285236,0.330078125,0.4765625,0.6328928046989721,1,AIIB,AIIB23_148.nii.gz
0.0013066001945194678,3.269692319475061,41519.53125,1878.323255683323,1558.8312316729957,164.3234571326527,0.17009427053816564,0.7424216094439129,0.0874841200179214,0.35546875,0.552734375,0.7749419953596288,1,AIIB,AIIB23_149.nii.gz
0.0026966407650806865,2.8167011268436664,120018.9051361084,2903.516521592804,1973.2600087638577,374.73534236199504,0.3203896054700693,0.5505478114259009,0.12906258310402988,0.478515625,0.60546875,0.6967213114754098,1,AIIB,AIIB23_150.nii.gz
0.0031745824783178003,2.9101678446453603,115478.0037791717,3954.48925855618,1486.8187949241733,200.52836305233197,0.6240174905755025,0.3252734671332696,0.05070904229122794,0.548828125,0.671875,0.7491961414790996,1,AIIB,AIIB23_151.nii.gz
0.0007342739381651947,3.484919880979167,68240.64973519076,4067.826393375455,1691.6475197291875,133.84464830352778,0.5841396962062902,0.38295706866020046,0.03290323513350932,0.302734375,0.51171875,0.6594202898550725,1,AIIB,AIIB23_152.nii.gz
0.0020592594146728515,2.627647270936647,70632.59672041284,2058.3325336054586,1018.3073994572514,266.68192704298934,0.5052755651325479,0.36516231470999705,0.12956212015745508,0.48046875,0.572265625,0.67,1,AIIB,AIIB23_153.nii.gz
0.0017153586908522842,3.314452427323886,51860.44007331788,2848.175922873914,1256.4546618113015,189.96283497907527,0.5588563712934232,0.37444731495240535,0.06669631375417141,0.3671875,0.505859375,0.9497568881685575,1,AIIB,AIIB23_154.nii.gz
0.0023064406966294133,3.0134617817894753,101271.77175049964,2958.369994447962,2141.5831210395627,311.10428679708497,0.27609354980657635,0.6187457409579523,0.10516070923547129,0.431640625,0.62890625,0.7517084282460137,1,AIIB,AIIB23_155.nii.gz
0.0012186595371791295,3.5181780477794993,30259.684343338013,1970.4939322438127,1204.6496984616442,197.28816426449782,0.38865597160712756,0.5112228552006035,0.10012117319226894,0.435546875,0.619140625,0.8130252100840336,1,AIIB,AIIB23_156.nii.gz
0.002316555734408104,3.25860541046884,74395.90815687334,3037.6531885923177,1782.8277794320938,354.47641309633804,0.41309041264902396,0.47021541883050505,0.11669416852047101,0.48828125,0.654296875,0.923728813559322,1,AIIB,AIIB23_157.nii.gz
0.001638300513821328,3.3942254206898315,35565.6017906144,1994.229377054155,1397.2190626424574,97.5011468882672,0.29936892981367674,0.6517394291293179,0.048891641057005386,0.3736979166666667,0.6809895833333334,0.910377358490566,1,AIIB,AIIB23_158.nii.gz
0.0010638540331037293,3.193294352784149,39418.93624647242,1725.745853749592,1376.8947654361536,112.70695517928561,0.20214511166605248,0.7325457613066955,0.06530912702725203,0.33203125,0.51171875,0.7379134860050891,1,AIIB,AIIB23_159.nii.gz
0.0013249419456304505,3.1678129455705784,50543.270568847656,2291.0830638814937,1455.3196526242377,135.85766185000173,0.3647896597172375,0.5759118958082811,0.059298444474481515,0.380859375,0.615234375,0.739202657807309,1,AIIB,AIIB23_160.nii.gz
0.0016477359748034745,3.4097549609690767,109852.66334108071,3735.440516532819,2963.1449013654483,426.9271234639607,0.20674820325721693,0.6789608258186286,0.1142909709241544,0.412109375,0.619140625,0.698136645962733,1,AIIB,AIIB23_161.nii.gz
0.001783054307620958,2.728136052335091,58528.08721923828,1884.2878297214384,1051.0524184382027,176.53176623280453,0.44220176882765094,0.4641120312997415,0.09368619987260753,0.427734375,0.55859375,0.7007722007722008,1,AIIB,AIIB23_162.nii.gz
0.0017580626810318961,2.9121113517446324,102491.82386398315,3375.5102561630415,1565.708411408754,268.71410082673265,0.5361565237285038,0.3842365189718964,0.07960695729959986,0.41796875,0.6171875,0.691285081240768,1,AIIB,AIIB23_163.nii.gz
0.0015920613411520813,2.6776972733223197,56164.66357421875,1688.8166237898108,1110.9251624756562,182.65263168344734,0.3421872174714445,0.5496585702177107,0.10815421231084482,0.3984375,0.595703125,0.6238003838771593,1,AIIB,AIIB23_164.nii.gz
0.0019826277417978027,2.651736007034287,59316.57016617812,1803.0388647468108,947.4580718382894,167.6175686737448,0.47452154783622214,0.432514527785319,0.09296392437845885,0.443359375,0.474609375,0.5771971496437055,1,AIIB,AIIB23_165.nii.gz
0.00405757874250412,2.6008800244731134,106366.9921875,2760.937946425119,1217.222494810071,298.1395519207918,0.5591271812587679,0.33288793907132685,0.10798487966990525,0.544921875,0.623046875,0.921875,1,AIIB,AIIB23_166.nii.gz
0.0017782717334980868,3.1074332522003782,96618.08851362193,3145.72759957553,2115.261571660749,248.8090754271798,0.3275763699481886,0.5933293450092181,0.07909428504259332,0.447265625,0.6484375,0.6690962099125365,1,AIIB,AIIB23_167.nii.gz
0.000269964337348938,4.365760526228319,11057.7392578125,1883.2813979014823,753.9486910742138,30.745126615269808,0.5996622215276326,0.384012482290114,0.016325296182253344,0.306640625,0.41015625,0.517578125,1,AIIB,AIIB23_168.nii.gz
0.000689889783057097,3.571502716504001,28541.291225594705,2547.589260795162,752.6556660903898,89.20923167530582,0.7045616113739354,0.26042127144467825,0.03501711718138643,0.390625,0.466796875,0.6915887850467289,1,AIIB,AIIB23_169.nii.gz
0.0017018201874523628,2.8257551977421507,86545.23338978061,2805.225499644348,1326.7526292899176,194.170993442913,0.5270424322543318,0.40373996172164967,0.06921760602401852,0.416015625,0.546875,0.6499282639885222,1,AIIB,AIIB23_170.nii.gz
0.0007892631281731036,3.32067415972608,44059.598348617554,1983.3909171471848,1547.6257801760603,298.596085382728,0.21970713549394913,0.6297445874108757,0.15054827709517518,0.40625,0.57421875,0.5712166172106825,1,AIIB,AIIB23_171.nii.gz
0.0014771944053660088,3.019441543662859,45318.90692530433,2098.045436539396,969.3500982327856,147.06563273369952,0.537974687606541,0.391928816782632,0.07009649561082705,0.38671875,0.580078125,0.6608811748998665,1,AIIB,AIIB23_30.nii.gz
0.001410061085717918,3.1529003947425056,51901.81122871951,3027.270433532292,955.7431431927488,123.84628119247446,0.6842888125863388,0.2748009734398248,0.040910213973836373,0.392578125,0.59765625,0.7088757396449704,1,AIIB,AIIB23_31.nii.gz
0.001777734971584234,3.5004571712091215,63319.775319099426,3187.684524848778,1819.2445281432101,292.10143564689554,0.42928965712831507,0.47907598151318365,0.09163436135850134,0.439453125,0.7109375,0.8521303258145363,1,AIIB,AIIB23_32.nii.gz
0.0032045559620294045,2.587142585992235,146146.8940686601,3352.8382324571558,1702.4132146940876,194.55086471983086,0.49224713610878273,0.4497271402411822,0.058025723650035034,0.384765625,0.64453125,0.8661417322834646,1,AIIB,AIIB23_33.nii.gz
0.0015705342878375138,3.034436476820762,61411.030677198825,2998.6996702377282,935.0921800084031,96.64953069625395,0.6881674449464718,0.2796020747371743,0.03223048031635387,0.37890625,0.537109375,0.6798245614035088,1,AIIB,AIIB23_34.nii.gz
0.0017956076614338975,2.8595305960152033,54866.87581758015,2059.978502867314,1194.9348648622622,138.0765190122318,0.4199284782831399,0.513043385830956,0.0670281358859042,0.43359375,0.71484375,0.6152815013404825,1,AIIB,AIIB23_36.nii.gz
0.0017434607825291247,2.8396350287424728,88754.06643286317,2145.297340477857,2003.859710544025,297.5528143052776,0.0659291498969216,0.7953708159907913,0.13870003411228712,0.4140625,0.591796875,0.7481108312342569,1,AIIB,AIIB23_37.nii.gz
0.0023421509374531623,2.9144307043074877,83750.04625746101,2736.843462606598,1671.6835527612056,177.98896190631294,0.3891928509608376,0.5457727529042828,0.06503439613487956,0.435546875,0.73046875,0.8201438848920863,1,AIIB,AIIB23_38.nii.gz
0.0007776661079470851,2.9533045134841442,37574.2425403595,2231.3318938171274,556.3400830403043,76.406825320656,0.7506690579819677,0.21508824350582337,0.034242698512208895,0.349609375,0.423828125,0.680672268907563,1,AIIB,AIIB23_39.nii.gz
0.001957216473407926,2.9184128250131014,95825.95886779185,2744.6447394321435,1881.5128572360306,305.80221372124265,0.31447854427042954,0.5741036793857687,0.11141777634380177,0.443359375,0.6875,0.7066246056782335,1,AIIB,AIIB23_40.nii.gz
0.001209576468556649,3.3526418880855537,64445.0552999342,3706.306357765762,1337.0597659821678,206.1233496742596,0.6392473700452073,0.3051384065805235,0.05561422337426931,0.40234375,0.595703125,0.763271162123386,1,AIIB,AIIB23_41.nii.gz
0.002565222474101195,2.680706220286893,86233.73621455368,2356.5088811425317,1444.4509128294162,255.18293899381166,0.38703778102075836,0.5046736650782317,0.10828855390100994,0.388671875,0.609375,0.987460815047022,1,AIIB,AIIB23_42.nii.gz
0.0022970236851097637,3.1167315893051395,93862.86882591248,2478.0563936744634,2220.353785530247,432.7280235995636,0.10399384324022376,0.7213821955359099,0.17462396122386636,0.462890625,0.60546875,0.7051509769094139,1,AIIB,AIIB23_43.nii.gz
0.0011256577132584213,3.2306261087852244,42714.10402679443,2050.097463838156,1296.78635053274,248.29036697794834,0.36745136589510247,0.5114371399649538,0.12111149413994374,0.38671875,0.619140625,0.6623376623376623,1,AIIB,AIIB23_44.nii.gz
0.0016726729690387685,3.102078635103905,102062.08064070428,3412.310314003004,1889.5256494108435,465.3777584121485,0.4462620701121908,0.4173559143066381,0.1363820155811711,0.44921875,0.662109375,0.6559139784946236,1,AIIB,AIIB23_45.nii.gz
0.0017715502439859426,2.994808635941926,92463.45457876757,3721.491956973967,1309.9810499351836,218.99272082220753,0.6479957326038776,0.2931588571805176,0.05884541021560495,0.40625,0.58984375,0.7391763463569165,1,AIIB,AIIB23_47.nii.gz
0.0017562601939741388,3.1760181977546607,68199.17202291725,3392.27308206841,1257.9212570485106,166.53791035176747,0.6291804266295968,0.32172626445253083,0.04909330891787237,0.44921875,0.646484375,0.7846385542168675,1,AIIB,AIIB23_49.nii.gz
0.0018069186545855004,2.9549972715190123,112141.47395244356,3374.6908170608003,1962.0867464007324,294.9245313932004,0.418587700988377,0.4940192466163621,0.08739305239526092,0.421875,0.61328125,0.7001434720229556,1,AIIB,AIIB23_50.nii.gz
0.0018696981500389777,2.8003883565959637,44130.86463580839,1832.73846520112,848.2566073727618,176.27136734437897,0.5371643998972454,0.36665637393857003,0.09617922616418453,0.453125,0.58984375,0.9219088937093276,1,AIIB,AIIB23_52.nii.gz
0.0010003014834212144,3.376804977438351,39844.18773514311,2078.4454361496223,1485.9532225519288,148.00865264629684,0.2850650795506577,0.6437236920610296,0.07121122838831265,0.35546875,0.572265625,0.7405247813411079,1,AIIB,AIIB23_53.nii.gz
0.004112854357938479,2.7557593561605342,115429.8980987089,3462.898379127801,1378.0167641101013,250.74798961665158,0.602062603853486,0.32552753534089396,0.07240986080562012,0.521484375,0.75,0.7935034802784223,1,AIIB,AIIB23_54.nii.gz
0.0015077147372933321,3.14603022960267,70238.181640625,3697.2489568645087,911.9866485002626,128.95711899150345,0.7533337194383354,0.21178707158871327,0.03487920897295131,0.375,0.4765625,0.7005813953488372,1,AIIB,AIIB23_55.nii.gz
0.0011860068228325361,3.1103957319673365,46303.90522003174,1887.0164544260997,1432.0768175765088,156.9964392378157,0.24108938519455156,0.6757123793742884,0.08319823543116013,0.34375,0.51171875,0.731610337972167,1,AIIB,AIIB23_60.nii.gz
0.0011651071758777922,3.1421491869160367,45183.94288634509,2217.7616593352095,1209.0146550808415,118.63701476085934,0.454849149370157,0.4916568179138019,0.05349403271604112,0.40234375,0.580078125,0.7357414448669202,1,AIIB,AIIB23_61.nii.gz
0.002357838845398073,3.0538073081221033,92409.97910864046,3899.362747710745,1450.0012351472708,166.01010705509603,0.6281440509738305,0.3292822984591484,0.042573650567020976,0.478515625,0.720703125,0.7342799188640974,1,AIIB,AIIB23_62.nii.gz
0.001880973897954469,2.5061239941598092,80001.52466071652,2570.175080306215,767.6271239138455,92.00662822076654,0.7013327497431073,0.262869444525384,0.035797805731508654,0.37890625,0.6927083333333334,0.6895161290322581,1,AIIB,AIIB23_63.nii.gz
0.0011568955384968409,2.9767933532104127,32518.9453125,1605.7171556680903,869.0080671356951,112.25929497983746,0.4588037724650658,0.47128398017333095,0.06991224736160322,0.333984375,0.533203125,0.6885245901639344,1,AIIB,AIIB23_64.nii.gz
0.0015219265126927013,3.171921864790651,42082.5853823073,2419.5905013517913,993.9478897268066,131.25509874634875,0.5892082196671289,0.3565449568836063,0.05424682344926481,0.390625,0.681640625,0.7740641711229946,1,AIIB,AIIB23_66.nii.gz
0.001292938232421875,3.0684302569033686,46675.07019042969,2081.889392619014,1260.4455403566415,161.2453686611302,0.3945665198039158,0.5279820222882825,0.0774514579078016,0.41796875,0.587890625,0.756,1,AIIB,AIIB23_67.nii.gz
0.0021976984984485816,2.7869879078008863,61585.89037216341,2616.6516452096876,811.9338070947292,76.07885979732505,0.6897050440087663,0.28122006559204626,0.029074890399187397,0.396484375,0.54296875,0.9574468085106383,1,AIIB,AIIB23_68.nii.gz
0.0013275089548594916,3.5845854595951794,71154.47998046875,4225.846367005531,1749.054137027345,224.80476978684993,0.5861056022567287,0.36069682493464394,0.05319757280862731,0.3671875,0.607421875,0.8149253731343283,1,AIIB,AIIB23_69.nii.gz
0.0013955288564279182,3.106043273185036,48958.80293378776,2268.132328851342,1200.0323388692539,185.23662691670256,0.47091608209782443,0.4474146852209799,0.0816692326811957,0.4140625,0.580078125,0.712468193384224,1,AIIB,AIIB23_71.nii.gz
0.0011343081473027528,2.8846701101001813,61161.752928108464,2607.9226350959116,1115.1205990356893,75.38366556995963,0.5724103989784657,0.3986839638084169,0.028905637213117424,0.3098958333333333,0.5546875,0.7216867469879518,1,AIIB,AIIB23_72.nii.gz
0.0014994623833623074,3.3112231341820118,45817.81318273861,2627.428045795289,1253.371993246617,139.43832311935242,0.5229661968279564,0.4239635303847459,0.053070272787297666,0.431640625,0.642578125,0.792225201072386,1,AIIB,AIIB23_73.nii.gz
0.0024493615604141384,2.6778358189470843,70359.5518951416,2408.912131612357,1005.6765222625744,151.05696810804898,0.5825183870075638,0.35477406707338177,0.06270754591905435,0.40234375,0.642578125,0.9300970873786408,1,AIIB,AIIB23_74.nii.gz
0.000918741011542906,3.07400385474797,45716.552734375,1828.950447824189,1427.6036788099027,229.14985553753698,0.21944102941211366,0.6552686130442223,0.12529035754366397,0.341796875,0.5546875,0.6607717041800643,1,AIIB,AIIB23_75.nii.gz
0.0008154896758791639,2.9398684044916545,23736.622980167158,1666.334495727379,268.5800429662837,44.76904667079321,0.838819850603258,0.13431336677561476,0.026866782621127266,0.31640625,0.369140625,0.525065963060686,1,AIIB,AIIB23_76.nii.gz
0.0013373709650056492,2.8804587075251717,54173.71328326545,2344.844968898223,716.405343918938,273.426274374366,0.6944764564731303,0.18891614389019304,0.11660739963667677,0.46484375,0.5078125,0.6772486772486772,1,AIIB,AIIB23_77.nii.gz
0.0012237164152770483,3.4111218938868406,37876.34811401367,2028.3652913659585,1248.1249868625061,254.46127076757287,0.38466459065566855,0.48988400675391763,0.12545140259041382,0.41015625,0.53125,0.7282913165266106,1,AIIB,AIIB23_78.nii.gz
0.0004773178305127346,3.1367057576622095,23477.862263909905,1704.0376940738488,502.8202261386168,69.13402356604958,0.7049242350170537,0.2545050523710847,0.040570712611861674,0.3125,0.365234375,0.5335120643431636,1,AIIB,AIIB23_79.nii.gz
0.0028428362126935993,2.971444466747199,116300.28192749902,2806.680013610967,2407.564777288131,377.9169138892573,0.14220190202920543,0.7231490064973979,0.13464909147339665,0.4609375,0.701171875,0.706140350877193,1,AIIB,AIIB23_80.nii.gz
0.0018445642326664461,2.860198805962492,107499.19713772756,3494.930902509673,1566.8326272064742,207.63264497398052,0.5516842332758716,0.38890611006256703,0.05940965666156137,0.4036458333333333,0.5638020833333334,0.8306878306878307,1,AIIB,AIIB23_81.nii.gz
0.0013867332821800595,3.4007522240276677,46849.57470703125,3180.7047538886336,1111.415598350438,127.34476431907456,0.6505756791819,0.3093876703986021,0.04003665041949797,0.412109375,0.630859375,0.8546365914786967,1,AIIB,AIIB23_82.nii.gz
0.0008711923107763476,3.261855849604959,35539.27643137091,2101.420991345121,993.7992698698189,220.48052983702934,0.5270822581658483,0.3679980085940741,0.10491973324007751,0.435546875,0.521484375,0.650200267022697,1,AIIB,AIIB23_83.nii.gz
0.0019294499911875576,2.769793140196161,81319.70683288574,2692.17346769741,1171.056650434352,164.22103369918406,0.5650144151238718,0.37398615981321015,0.060999425062917924,0.369140625,0.580078125,0.7495395948434622,1,AIIB,AIIB23_84.nii.gz
0.002057244105892287,2.5671094291411642,95801.68241052749,2621.626742663667,1303.2432600327538,211.24973276082912,0.5028875625869562,0.41653279984564856,0.0805796375673952,0.443359375,0.603515625,0.835635359116022,1,AIIB,AIIB23_85.nii.gz
0.0019023232426203735,3.272991198335485,54933.0078125,2252.6165651146616,1675.063204310682,240.9704309108777,0.25639221949634433,0.6366342126791591,0.10697356782449655,0.48046875,0.642578125,0.7322695035460993,1,AIIB,AIIB23_87.nii.gz
0.0014677286546098966,3.1962225222107197,85879.02647453359,3043.5640829765366,2149.6717942935907,294.48012466556,0.2936991843486139,0.6095457887693613,0.09675502688202482,0.341796875,0.580078125,0.8330550918196995,1,AIIB,AIIB23_88.nii.gz
0.001965292138991013,3.2381968519243496,50193.04942957533,2669.374404135489,1243.6404506197757,139.24912072201653,0.5341078985798755,0.41372665002960884,0.05216545139051565,0.4140625,0.65625,0.9330065359477124,1,AIIB,AIIB23_89.nii.gz
0.0014271657401268634,2.935679349149635,47097.6682434082,1557.7504010408993,1196.9484941856786,290.53180701379193,0.2316172774625065,0.5818754317548004,0.18650729078269318,0.48828125,0.53125,0.653211009174312,1,AIIB,AIIB23_90.nii.gz
0.0022703052240576446,2.730050571741586,91816.53750610352,2865.2618737048547,1390.7640626583175,125.76390457619932,0.5146118840230038,0.4414954771468904,0.043892638830105773,0.4140625,0.66015625,0.6497175141242938,1,AIIB,AIIB23_91.nii.gz
0.001061393765945716,3.039967414509445,31895.858087539673,1559.6390995806914,981.9731525849149,64.90448853440843,0.3703843710708983,0.5880005600635815,0.04161506886552022,0.29296875,0.55078125,0.6845018450184502,1,AIIB,AIIB23_92.nii.gz
0.0010771859502912468,3.3014435109593,54738.28206566395,2787.9704676950023,1306.2009565045012,226.40297430887756,0.5314868031638718,0.38730610481981304,0.08120709201631526,0.38671875,0.58984375,0.6511335012594458,1,AIIB,AIIB23_93.nii.gz
0.0018231419732779343,2.7518297683328843,55797.524780076375,1926.6729271427096,1090.109490404282,156.1571725114924,0.4342010649306554,0.4847487628727195,0.08105017219662514,0.419921875,0.560546875,0.7718832891246684,1,AIIB,AIIB23_94.nii.gz
0.0035420329215459638,3.140449022610721,71843.42211914062,2758.2295175084373,1605.0788538352833,289.2563376456618,0.4180763987743912,0.47705330823166225,0.10487029299394661,0.537109375,0.771484375,0.9200863930885529,1,AIIB,AIIB23_95.nii.gz
0.00169154905503796,3.0680443733870786,83030.94787798355,3234.394150406184,1617.5113099809003,203.7071354322037,0.49990284586132805,0.4371156107771056,0.06298154336156638,0.400390625,0.66796875,0.7116935483870968,1,AIIB,AIIB23_96.nii.gz
0.002622803576997205,2.8385658786894803,111379.98789706263,2959.3432016774454,1957.500987354121,230.57037369342595,0.3385353255936824,0.5835519897394187,0.07791268466689895,0.494140625,0.712890625,0.6902761104441777,1,AIIB,AIIB23_97.nii.gz
0.0021076825709124797,2.916656700047343,92409.33841646339,3498.8037492024464,1317.5998041847865,178.07200968109728,0.6234142013580688,0.32569068635628534,0.050895112285645874,0.388671875,0.70703125,0.8366013071895425,1,AIIB,AIIB23_98.nii.gz
0.002201315401648941,3.190389827094725,57748.211888868245,2678.6106202724472,1233.3610175325275,345.5234223883836,0.5395519571982136,0.33145451915435176,0.1289935236474347,0.525390625,0.654296875,0.8851540616246498,1,AIIB,AIIB23_99.nii.gz
0.004332830739575763,2.456760349913731,122474.99131393433,2129.0960660596324,1408.2346364566934,432.569991514988,0.33857628178189914,0.45825299313402545,0.20317072508407538,0.412109375,0.716796875,0.8565891472868217,1,PARSE,PA000005
0.0034242274397510595,2.560199535929679,110005.01861572266,2240.647459083144,1411.9637310162045,463.03682108102817,0.36984119242302876,0.42350567291985775,0.2066531346571135,0.4296875,0.708984375,0.8169491525423729,1,PARSE,PA000016
0.004179447889328003,2.467398435875468,102821.1051940918,2100.837043479273,1097.345250821998,432.9538121246841,0.4776628419476817,0.316250820481055,0.20608633757126327,0.462890625,0.78515625,0.91796875,1,PARSE,PA000024
0.00441981273092282,2.5531554385381883,111149.21188735962,2152.012504872133,1324.9132959660458,491.08014379545557,0.3843375477761135,0.38746668538533163,0.22819576683855483,0.47265625,0.78125,0.7229299363057324,1,PARSE,PA000026
0.003632280248156666,2.6650807489115396,162666.76007080078,2867.137227585592,1863.1351179782544,842.0646004324803,0.35017581298430034,0.356128931577375,0.29369525543832464,0.46484375,0.734375,0.7544378698224852,1,PARSE,PA000027
0.003896361547158965,2.2845069244025598,124047.1845703125,2182.0482720206587,868.4501365210967,506.34592084899214,0.602002326136956,0.16594693174994818,0.2320507421130958,0.43359375,0.72265625,0.7375886524822695,1,PARSE,PA000036
0.0028470071514001055,2.4267430113243837,99613.21577453613,2012.2472168416923,890.7421701900404,434.00478302769744,0.5573395938953772,0.2269787645074802,0.21568164159714254,0.380859375,0.583984375,0.6853932584269663,1,PARSE,PA000038
0.0026207227096814497,2.787619433999893,93181.50465393066,2199.260725114816,1546.467378826617,383.95526449643455,0.29682399127739567,0.52859222240214,0.17458378632046437,0.39453125,0.619140625,0.7710437710437711,1,PARSE,PA000042
0.0030892542166303296,2.3736486561847525,89981.2265625,1733.2265902969484,954.5921786853311,333.23561466642155,0.4492398258661704,0.3584970179302721,0.1922631562035575,0.41796875,0.6328125,0.748062015503876,1,PARSE,PA000046
0.004081559614701705,2.073594915633799,135930.6287841797,1731.9826459370179,931.8837749895354,439.5015985886994,0.4619554779168252,0.2842881697203455,0.25375635236282934,0.4375,0.625,0.7018181818181818,1,PARSE,PA000047
0.005038213386810083,2.1519263129080057,141636.63276672363,2239.576552106797,623.7173840812678,565.8654337687504,0.7215020922171518,0.02583164672718838,0.2526662610556598,0.50390625,0.669921875,0.8057553956834532,1,PARSE,PA000053
0.006068226794101681,2.316711269307601,357696.507232666,3261.379534340905,2596.005792488472,1082.3342754710832,0.20401604132433462,0.464120014576374,0.33186394409929143,0.451171875,0.65625,0.8640483383685801,1,PARSE,PA000056
0.004135253581594914,2.3501007649144117,100796.6075592041,2196.3237755541413,558.2248309600668,495.52779154993027,0.745836730825707,0.028546355554666718,0.22561691361962632,0.443359375,0.6875,0.776595744680851,1,PARSE,PA000060
0.0031705965661698848,2.613780920972648,93220.94174194336,2188.2199596146606,1320.0750982172303,354.2436981858278,0.3967356469732175,0.44137765757400493,0.16188669545277756,0.453125,0.75,0.8089171974522293,1,PARSE,PA000063
0.003872333034392326,2.593825654967971,99571.74662780762,2185.4050109396517,1199.3948586090244,449.2261214621681,0.4511795970975081,0.3432630260256924,0.2055573768767995,0.45703125,0.73046875,0.8629032258064516,1,PARSE,PA000070
0.003860685560438368,2.4410698456475597,101407.67016601562,1909.5261241914757,1158.6960302842133,505.63053505015154,0.39320231569242137,0.34200395949575196,0.26479372481182667,0.419921875,0.724609375,0.8506944444444444,1,PARSE,PA000073
0.003583859880908732,2.415534788577462,110082.74681854248,2008.0722658471955,1084.6005215997052,541.760614003108,0.459879736378851,0.2703288705436982,0.2697913930774508,0.490234375,0.728515625,0.7111913357400722,1,PARSE,PA000074
0.00405627866334553,2.4710862067854755,147303.9056854248,2348.93263209609,1516.2343342420443,611.7815956108539,0.3545007151230984,0.3850483944378151,0.26045089043908654,0.486328125,0.712890625,0.7721518987341772,1,PARSE,PA000078
0.003166792408520023,2.2718278033522203,111861.01359558105,1773.1217882130654,1031.490622249546,449.04726860172593,0.4182629590891937,0.328484685891092,0.2532523550197143,0.37890625,0.63671875,0.7152317880794702,1,PARSE,PA000080
0.005399954946417557,2.257402628404278,145694.06762695312,2039.6736524878584,1136.9543420723476,461.16224759650817,0.4425802673454323,0.3313236378042895,0.22609609485027818,0.427734375,0.658203125,0.8947368421052632,1,PARSE,PA000082
0.002785476212649001,2.323205009255219,80940.6351928711,1540.0083689230091,803.9498209595921,425.41746508730824,0.47795749868435644,0.2457988953248397,0.2762436059908039,0.43359375,0.6796875,0.7010309278350515,1,PARSE,PA000090
0.003967100361226752,2.3799918528398663,156954.75540161133,2131.8164800394525,1549.8556108447503,690.004990341479,0.2729882589067573,0.4033417644315042,0.32366997666173847,0.451171875,0.65625,0.8027681660899654,1,PARSE,PA000091
0.003183192632668792,2.374669487147062,117928.6796875,1867.7593339343327,1253.6754180030064,586.0672534043408,0.32878107193703177,0.35743800203229903,0.3137809260306692,0.451171875,0.6640625,0.7625418060200669,1,PARSE,PA000092
0.006507999546177036,2.3062914381699473,115404.07726897114,1621.948732785278,1214.9153944772227,574.7092376539825,0.25095327002665535,0.39471417553614746,0.3543325544371972,0.611328125,0.783203125,0.8588588588588588,1,PARSE,PA000096
0.0019081871575984423,2.324322230125777,122600.77299499512,1901.003655176151,1293.7793513397942,532.2489229926834,0.31942300699053106,0.4005938790667637,0.27998311394270525,0.37890625,0.58203125,0.8080495356037152,1,PARSE,PA000099
0.005316390204675419,2.1793336878138607,154484.17694091797,1918.7239284450347,1273.2763300850988,520.5918423303656,0.3363941986604697,0.3922838906609775,0.27132191067855277,0.46484375,0.728515625,0.8762886597938144,1,PARSE,PA000100
0.00462731282422497,2.629298753029502,109881.3271522522,2229.4152683040534,1509.5926472353672,497.8934525530131,0.32287507460028525,0.4537957593929854,0.2233291660067294,0.537109375,0.79296875,0.7929936305732485,1,PARSE,PA000106
0.004956730744168428,2.0254211988850943,155379.80842590332,1962.975027238092,852.0826851040841,471.23037417260974,0.5659228093681021,0.194017909370622,0.24005928126127585,0.419921875,0.703125,0.7722419928825622,1,PARSE,PA000107
0.0036624515571467503,2.4411749248662944,120051.13334655762,2071.653222357163,1188.5014588182053,514.3678843461021,0.426302893750766,0.32540850331363,0.24828860293560395,0.36328125,0.666015625,0.7375415282392026,1,PARSE,PA000109
0.004166781517767137,2.177070747301346,128984.22192382812,1806.2997182711304,966.4285818173461,507.00163076699033,0.4649677614176084,0.25434702026643097,0.2806852183159606,0.462890625,0.701171875,0.7032258064516129,1,PARSE,PA000115
0.0035339117050170897,2.608747918555227,115799.21875,2282.925897212939,1599.3760812844703,467.2487440419428,0.2994183108452911,0.4959106813868382,0.20467100776787076,0.423828125,0.72265625,0.815625,1,PARSE,PA000116
0.0035092984713040866,2.3160846325018505,163825.72105789185,2525.714446576315,1159.142921697354,656.9338825622009,0.5410633520869279,0.1988384078081009,0.26009824010497123,0.384765625,0.689453125,0.7015384615384616,1,PARSE,PA000118
0.005641810099283854,2.3833419885009386,157940.66835021973,2232.82833831595,1471.2534521410134,522.0430848654481,0.34108080460378504,0.42511569339516775,0.2338035020010472,0.451171875,0.732421875,0.837037037037037,1,PARSE,PA000120
0.004804988303635386,2.39921474373142,138127.94647216797,2457.088254762537,986.6251506886081,633.8798272829869,0.5984575854057145,0.14356233347414374,0.25798008112014176,0.447265625,0.73046875,0.7535816618911175,1,PARSE,PA000121
0.004870109187746511,2.442170400702103,148373.545211792,2152.505167670116,1658.2998356079408,556.1550574371167,0.2295954218763181,0.5120288651217465,0.2583757130019354,0.4609375,0.681640625,0.7799352750809061,1,PARSE,PA000124
0.004277842385428292,2.2850708052319986,133621.3158416748,1708.0732640542994,1315.0703159873933,621.0686628174543,0.23008553341211516,0.40630672452693856,0.3636077420609463,0.416015625,0.640625,0.8678571428571429,1,PARSE,PA000128
0.0030388628850217727,2.333547696642929,129644.51539611816,2137.726315862041,1063.1313299272922,632.0719886948524,0.5026812730709248,0.20164383907984712,0.2956748878492281,0.408203125,0.669921875,0.8098360655737705,1,PARSE,PA000132
0.005832684152885942,2.325490269280484,179985.24755859375,2167.408123178762,1784.5054160276895,533.4632609660174,0.17666387011113527,0.5772065453122276,0.24612958457663714,0.49609375,0.712890625,0.807570977917981,1,PARSE,PA000133
0.0034714131741910366,2.2903259604886888,125873.44169616699,1896.9896588735226,1102.1361527645915,558.6844906297198,0.4190078224152966,0.2864810883880022,0.2945110891967012,0.4453125,0.658203125,0.7364864864864865,1,PARSE,PA000137
0.004226827784203018,2.504586005217075,151711.41624450684,2565.141996031112,1481.9909201409268,637.5152065263619,0.4222577454059381,0.32921207282917314,0.2485301817648888,0.416015625,0.7109375,0.757679180887372,1,PARSE,PA000138
0.0038703826812652494,2.2791291325207146,219835.71208572388,2710.1947249688205,1709.4679170112533,726.485533971094,0.36924535301391676,0.3626980651921489,0.2680565817939343,0.46484375,0.693359375,0.7597597597597597,1,PARSE,PA000144
0.003561665812336591,2.2640047093073594,126387.05053710938,1893.0419344561794,1011.7276914988198,456.2211294607241,0.46555452730133934,0.2934465169138886,0.24099895578477204,0.388671875,0.57421875,0.749003984063745,1,PARSE,PA000147
0.004700447749165656,2.537808126197402,160093.5461009067,2725.7655608435703,1525.782537051902,569.5918412150364,0.44023706258152934,0.35079711533993535,0.20896582207853528,0.44921875,0.71484375,0.7216828478964401,1,PARSE,PA000148
0.0037589283109460987,2.26508432725057,200936.52000427246,2683.3866290746037,1263.8692990505133,757.9271351527749,0.5290021626565334,0.18854612988521088,0.2824517074582557,0.46875,0.666015625,0.6666666666666666,1,PARSE,PA000150
0.003720431857638889,2.3618470839952708,138682.22265625,2239.9368283190934,1178.2892775830549,578.4032902615118,0.4739631659758576,0.26781379712914183,0.25822303689500054,0.482421875,0.705078125,0.6571428571428571,1,PARSE,PA000157
0.004426365010222496,2.4067009378441124,143606.72009277344,1900.1029489059435,1619.8766564356501,625.6951079538347,0.14747953137573117,0.5232250963318873,0.32929537229238154,0.521484375,0.685546875,0.7485380116959064,1,PARSE,PA000162
0.003424103006775126,2.3839284499772986,126591.6630859375,1956.2326812284482,1322.284505771491,547.137967680895,0.3240658340596064,0.3962445498067388,0.27968961613365484,0.412109375,0.62109375,0.8351648351648352,1,PARSE,PA000168
0.004255742202570409,2.1418259353341442,208650.54573059082,2255.512315589314,1367.608195295106,774.8385204908082,0.3936596196603869,0.26280932748949354,0.3435310528501196,0.375,0.685546875,0.8765432098765432,1,PARSE,PA000169
0.003973737676092919,2.00607485517941,126510.5830078125,1677.9238797150365,725.4236637088553,424.82147957809195,0.5676659278297805,0.17915126410967758,0.25318280806054194,0.455078125,0.67578125,0.7588652482269503,1,PARSE,PA000174
0.0032811388873413903,2.5216818678124864,88000.1449584961,1867.2082099599925,1129.2383022536455,391.10579685087987,0.39522636188610105,0.39531344253171485,0.2094601955821841,0.455078125,0.744140625,0.825503355704698,1,PARSE,PA000183
0.0031668681972074194,2.491309429174716,106691.5108795166,2177.793850954344,1152.5892512153637,532.6584789150132,0.4707537397489296,0.28465998837708484,0.24458627187398557,0.458984375,0.720703125,0.7748344370860927,1,PARSE,PA000190
0.004828827956627155,2.231840639828989,154353.29248046875,2009.5837821362716,1235.765688828932,580.2494926187571,0.3850638625699589,0.3261950071637888,0.28874113026625225,0.48046875,0.71484375,0.8241379310344827,1,PARSE,PA000194
0.004089776488849551,2.4085628030561463,113010.2744140625,2030.2376738141672,1256.2695642150643,484.81219854312144,0.3812204450649684,0.37998377018717283,0.23879578474785879,0.431640625,0.732421875,0.8160535117056856,1,PARSE,PA000195
0.0036970677266594107,2.5417122519761315,134043.1353149414,2416.724281733496,1327.6197432132813,591.2907244280456,0.4506532030782631,0.30468060603796854,0.2446661908837684,0.451171875,0.591796875,0.8435114503816794,1,PARSE,PA000198
0.0033932861137984326,2.4999343716486684,106031.44995117188,2120.7241766155016,1037.0116238001096,598.6128481337578,0.5110106089066738,0.20672126083175968,0.2822681302615665,0.490234375,0.705078125,0.7383177570093458,1,PARSE,PA000201
0.004801227621836205,2.2853472801703267,138227.49687194824,1991.5538885420406,1113.8161585908504,598.9241892327324,0.4407300927185841,0.2585378042343889,0.3007321030470271,0.478515625,0.744140625,0.684931506849315,1,PARSE,PA000202
0.003466609583004287,2.427336111194851,105842.69018554688,1848.03747699922,999.8704624672265,619.3507758119839,0.458955527194837,0.20590474565110956,0.33513972715405344,0.443359375,0.66796875,0.7978339350180506,1,PARSE,PA000203
0.004636326652556541,2.244575083704785,123543.21340942383,1788.5609381427648,1034.3434188104502,519.0836426474768,0.42168958476499624,0.2880862290876246,0.29022418614737916,0.478515625,0.66015625,0.8715953307392996,1,PARSE,PA000207
0.004180079451003395,2.5624489004812783,127361.4697265625,2434.1737235327246,1500.8799776083129,494.48652497037705,0.38341295730114094,0.4134435611182893,0.2031434815805698,0.4609375,0.740234375,0.7699680511182109,1,PARSE,PA000209
0.0017990728821417298,2.2835377892665285,119543.91872406006,1882.2713100139997,1141.7925690562506,336.65566819717037,0.39339639138007243,0.4277475285181348,0.1788560801017928,0.30859375,0.466796875,0.696969696969697,1,PARSE,PA000212
0.005020583303351151,2.3427477068472475,116222.11046218872,1841.6735955390345,1012.8222814604678,624.2105021706609,0.4500533189411191,0.2110101270013947,0.3389365540574862,0.5,0.759765625,0.8035087719298246,1,PARSE,PA000217
0.0037152330640336157,2.42652152171666,124859.41284179688,1972.1575773437721,1064.8164065033684,799.9965048957921,0.4600753921816272,0.1342792810523045,0.40564532676606835,0.42578125,0.673828125,0.8169014084507042,1,PARSE,PA000223
0.00424839572835589,2.298502576609068,132109.7814298122,1929.9426570960673,1146.2336732453493,537.5300397957634,0.40607889616261644,0.3153998546078493,0.2785212492295343,0.462890625,0.658203125,0.758364312267658,1,PARSE,PA000226
0.0031595055436913345,2.385500008544804,116809.2958984375,2005.9612083144773,1076.433698791943,568.6725974517686,0.4633825946731922,0.25312608201771963,0.28349132330908816,0.373046875,0.630859375,0.7875457875457875,1,PARSE,PA000229
0.005628825000628015,2.447441542683901,274516.5344238281,3741.5768213276233,2294.2676731130696,805.594937134461,0.38681796935576623,0.3978730912306601,0.21530893941357374,0.439453125,0.759765625,0.9163987138263665,1,PARSE,PA000233
0.005016868089722102,2.6243381313002425,152202.06518554688,2639.7563318643834,1831.6726156837212,652.4258676742633,0.30612057121572883,0.4467256063655656,0.2471538224187055,0.48046875,0.736328125,0.8512110726643599,1,PARSE,PA000234
0.00406526580570251,2.3903694661163115,145981.6787109375,2271.6971135975627,1283.5720655026212,640.7190830510359,0.43497218100968654,0.28298358025094905,0.28204423873936435,0.41015625,0.64453125,0.8661417322834646,1,PARSE,PA000235
0.0033384361523109795,2.5958362318525094,177167.57499694824,2919.015856818369,1840.0351694899045,850.262988975954,0.3696385152578505,0.3390773565693369,0.2912841281728126,0.439453125,0.619140625,0.8624161073825504,1,PARSE,PA000236
0.005102210411658654,2.715883205938169,214905.1025390625,3389.7321177707245,2405.3464992044464,869.6136508167468,0.2904021864753326,0.4530543402933216,0.25654347323134574,0.48828125,0.728515625,0.8338461538461538,1,PARSE,PA000237
0.003072061036762438,2.4054270761072742,123738.88293457031,2128.3592868351857,1408.4758970349285,479.35146335870803,0.3382339599582855,0.43654491956468683,0.22522112047702766,0.439453125,0.66796875,0.7828947368421053,1,PARSE,PA000238
0.0051470469558854955,2.084398022086265,215819.38988113403,2399.9474173539597,1513.7038727738704,533.0787097789381,0.3692762342090016,0.4086027701707364,0.22212099562026205,0.45703125,0.765625,0.8267477203647416,1,PARSE,PA000239
0.0038451326810396633,2.2389250254877013,136088.8584136963,2322.5780075771636,925.5323838272896,519.9858036451157,0.6015064377567347,0.17461053142633803,0.22388303081692726,0.447265625,0.72265625,0.7415384615384616,1,PARSE,PA000242
0.00525495216204286,2.798029598983387,163115.29159545898,2893.5599017908585,2490.6692263411296,597.9453533582481,0.13923702605927565,0.6541160152970921,0.20664695864363225,0.49609375,0.755859375,0.8823529411764706,1,PARSE,PA000245
0.0040768921830271945,2.5638784797719776,110749.62414550781,2461.2843271772576,1014.8428137362985,475.7459360315572,0.5876775378892618,0.2190307197555711,0.19329174235516708,0.470703125,0.7578125,0.7366412213740458,1,PARSE,PA000247
0.0034334608538799695,2.353173121398868,139112.1875,2013.7761945043003,1317.3938565361063,683.0975769652224,0.34580920157297396,0.3149785369903127,0.33921226143671335,0.455078125,0.66015625,0.7798165137614679,1,PARSE,PA000255
0.004125754038492839,2.650784970910273,135128.80865478516,2278.9922463685657,1900.0117657678486,720.5320646898693,0.1662930100813635,0.5175444115518198,0.3161625783668167,0.4921875,0.720703125,0.8365384615384616,1,PARSE,PA000261
0.0051266806466238836,2.2288690412982355,192289.89715576172,2490.249584508035,1598.992885770991,549.6884052479769,0.3578985432952566,0.4213651864659627,0.2207362702387807,0.458984375,0.73046875,0.875,1,PARSE,PA000263
0.003225730744418719,2.581379232253925,90028.9580078125,1892.7809774864895,1181.5484119663977,576.4397704100816,0.37576062628470097,0.3196929009503612,0.3045464727649378,0.509765625,0.765625,0.7152317880794702,1,PARSE,PA000273
0.003106257120768229,2.7143458677230248,99036.1745300293,2184.419774549807,1484.7432998573056,560.2950873377913,0.3203031225244697,0.42320080750506683,0.2564960699704635,0.482421875,0.634765625,0.88,1,PARSE,PA000282
0.0029869317265685843,2.6106735982325238,98796.23468399048,2260.9060500974797,1396.3391568888742,319.63842952979314,0.38239841640979705,0.47622532891743063,0.14137625467277237,0.392578125,0.71484375,0.778816199376947,1,PARSE,PA000284
0.004781180799605456,2.457186684818754,146388.28125,2671.1769688363165,1169.3624461684667,527.9296819825668,0.5622295116306378,0.2401311375731637,0.19763935079619843,0.5,0.763671875,0.7692307692307693,1,PARSE,PA000285
0.0016399448200807732,2.4656047237503866,107779.27270507812,2125.651661720868,997.920853268185,475.19042295900766,0.5305341551304337,0.24591537725705698,0.22355046761250938,0.298828125,0.484375,0.6542372881355932,1,PARSE,PA000286
0.002335208857391641,2.348772918849033,116496.62731933594,1899.5987401523007,1127.6752968534038,524.4270928259067,0.406361315672913,0.3175661213478861,0.2760725629792009,0.345703125,0.5625,0.7213622291021672,1,PARSE,PA000292
0.00358182079387161,2.5350578013564076,176816.75541687012,2846.5514854262738,1574.1038192336339,727.0804618647978,0.4470137542592488,0.2975612286324038,0.2554250171083475,0.373046875,0.603515625,0.7515723270440252,1,PARSE,PA000296
0.0028807909060747194,2.5637921577902327,163089.61059951782,2848.930998287331,1567.8241964102165,638.0898132261834,0.4496798282047783,0.3263449987883013,0.2239751730069204,0.46875,0.64453125,0.6102564102564103,1,PARSE,PA000297
0.0027989573862360812,2.7666288442045124,162142.12353515625,3369.430452608996,1895.9245953548618,764.3464638104805,0.4373160028019508,0.3358366191141251,0.22684737808392413,0.4140625,0.685546875,0.7413793103448276,1,PARSE,PA000298
0.003467390020806287,2.4678495445251016,127250.78659057617,2035.4785454735256,1467.753368768566,491.46601905628927,0.27891484190165533,0.4796352935693346,0.2414498645290101,0.44140625,0.63671875,0.712166172106825,1,PARSE,PA000300
0.0037859285458452722,2.01044326367745,192807.78515625,2006.828830685703,1073.3971028464734,576.0252839682997,0.4651277246800815,0.2478396818268897,0.2870325934930288,0.376953125,0.603515625,0.7020057306590258,1,PARSE,PA000301
0.002554794030686829,2.4600432069480465,91249.28714752197,1873.0078114697853,1033.5512809488382,346.9231048373086,0.4481863478520196,0.36659119727467626,0.18522245487330422,0.421875,0.654296875,0.5858895705521472,1,PARSE,PA000302
0.00348055362701416,1.9201291803550338,180656.4375,1823.5414267029446,1025.4269066108372,651.5313879475049,0.43767282081172065,0.20503812701384824,0.3572890521744311,0.41796875,0.685546875,0.7017045454545454,1,PARSE,PA000303
0.0030355104972357764,2.249592720167432,127803.1149597168,1881.9748130770051,1092.9118466440104,497.6504727364925,0.41927392489535326,0.3162961426323624,0.26442993247228436,0.408203125,0.60546875,0.7308970099667774,1,PARSE,PA000305
0.004287433073010748,2.3214105236199942,196551.4354248047,2716.5461581324516,1452.731285222152,583.5853054506467,0.4652285657384656,0.31994522793936936,0.214826206322165,0.390625,0.67578125,0.684971098265896,1,PARSE,PA000307
0.0025731650265780363,2.3325704477502356,161300.3112487793,2408.9998145656896,1353.861296786678,556.9153384930659,0.43799858821045157,0.3308202655205645,0.23118114626898392,0.33203125,0.607421875,0.6590909090909091,1,PARSE,PA000309
0.0038063449692795643,2.5501682735370044,140459.12329101562,2181.822019217113,1741.0203377269297,671.2772580610159,0.20203374867779217,0.4902980491734893,0.30766820214871854,0.427734375,0.64453125,0.7696793002915452,1,PARSE,PA000310
0.003101236016087278,2.4219066471017348,112771.4609375,1964.135430341619,1138.7035820765695,527.3406171552436,0.42025200274580016,0.3112631417758156,0.26848485547838424,0.462890625,0.658203125,0.7100591715976331,1,PARSE,PA000313
0.0031680792150363115,2.473086675122255,177257.8179359436,2678.0333676500745,1745.5321618001226,592.397932455559,0.3482037293165636,0.4305899408402136,0.22120632984322278,0.44140625,0.65625,0.6957746478873239,1,PARSE,PA000314
0.002384792173528947,2.3530996465748775,115417.0157623291,1854.0771842348554,1230.7049992374843,399.1287380164507,0.3362169548807784,0.44851221313324685,0.21527083198597474,0.359375,0.580078125,0.6560693641618497,1,PARSE,PA000315
0.004271979905293484,2.3907619746211095,176417.66436767578,2569.582733013344,1537.8936398048143,792.1333869719488,0.40150063275007697,0.29022620803429594,0.3082731592156271,0.4609375,0.75390625,0.7771260997067448,1,PARSE,PA000317
